id_user,username,email,password
1,etowersey0,bclemmey0@tamu.edu,ewSp1OqY
2,imatyas1,cmclise1@dion.ne.jp,mnkwAnKmX
3,mmacgown2,mattlee2@soup.io,DIWMLKj
4,mridpath3,jaronstein3@cbc.ca,JLIuDzMA14
5,skilty4,wnower4@feedburner.com,TiY9tmpG
6,mlavell5,sroscamps5@oracle.com,rFXeVWT
7,echadband6,jeake6@aboutads.info,SJ9Rw4
8,lboffey7,pferreli7@tinyurl.com,MzNWCa
9,gparades8,jtomei8@fc2.com,5U96Q1DNaO
10,klemerle9,tdunridge9@ibm.com,RQkQCayM
11,ckightlya,gblasla@vk.com,aJkaZim
12,jwixeyb,arosenwaldb@shop-pro.jp,oMdWDnKXOr
13,jborellc,thartlec@umich.edu,wpMQlyWHoF
14,mclapisond,vcolld@ameblo.jp,tnsiJzxSk
15,jgroomee,adeschleine@globo.com,08Tzs3Nx
16,akeerif,ltetlaf@nps.gov,YNhQuH57w
17,gladeg,mdobbsong@baidu.com,jh6ypYUw
18,zgniewoszh,avanderbeekh@smugmug.com,sHVHDRlp
19,dchisnalli,rtettheri@multiply.com,iutnqayBo
20,nrassellj,jpolleyej@artisteer.com,aYi6rux7RA8
21,boruddenk,pcostik@jugem.jp,3S4pxTK4
22,srichemontl,wblessedl@wp.com,Wvdhur59X
23,mraysm,elafaym@cdc.gov,JZBQZE6kN6KK
24,kragsdalln,gomoylann@blogger.com,2X0OfDUiRzU
25,gfrodsamo,cmunningo@a8.net,e01Hbxt1S
26,amcgonigalp,cbullmanp@ebay.com,kVgLHyEuQ
27,agoodhandq,clissendenq@wunderground.com,Bo1j5Q
28,emcgennisr,glomenr@youtube.com,xSKv5NBDYg9c
29,dwederells,rtilneys@va.gov,ddkMtB
30,ebarrittt,bstpierret@marketwatch.com,LDRhUs
31,hmorgenu,smacfieu@ucsd.edu,O4F71WJvUGx
32,jmcgarryv,gspinleyv@ycombinator.com,WKiwHi6z
33,jbyronw,aboysonw@gizmodo.com,zQnnCnZwD
34,lbockenx,ablencoex@mac.com,FRBhGSBjF7OB
35,tchadbandy,wcrowney@bravesites.com,RoGuAzTz
36,dhadinghamz,gjeaffresonz@php.net,hhiYtKv
37,fbodsworth10,rgrave10@goo.ne.jp,qU8d3ngZB
38,dbranford11,jvedenyapin11@t-online.de,nuZo7Fbw0Xnq
39,hpennetta12,jcromar12@flickr.com,LXx8KRqjZppf
40,gkelling13,hcaswell13@state.gov,IzHt7JItW08a
41,gciccone14,mmaggorini14@list-manage.com,h8sr7gadyE
42,abradbeer15,pblakebrough15@linkedin.com,hyK9KOEQQI
43,kdrewitt16,piacovini16@earthlink.net,f4V9Kz
44,ckubek17,elackey17@usnews.com,r2YhNM7p
45,breinard18,dwiddicombe18@nhs.uk,4HwDv2HHveE
46,glappin19,oeaken19@java.com,B11DvKTIUg
47,htyrrell1a,iwimes1a@dyndns.org,I608Rbz
48,mduplantier1b,mvanyushkin1b@networkadvertising.org,FaBBF1AE
49,eedmondson1c,cminards1c@wordpress.com,CcYRARQ7X6k
50,cmaccarter1d,hgranger1d@theatlantic.com,OCE5Wk1umRy
51,cugolini1e,oswitland1e@stumbleupon.com,0muRwDgD4hA
52,pflatt1f,lmallinder1f@craigslist.org,LdhGXjH
53,frudall1g,mbeastall1g@fema.gov,t9POrhWNb
54,lcanedo1h,mbainton1h@biblegateway.com,jlTwiucT
55,sandras1i,amardee1i@youku.com,9L4uDC
56,ostokey1j,dnorssister1j@behance.net,9q3NNewZCLp4
57,jgirling1k,cboldt1k@mozilla.com,39LXHgJse
58,hgartside1l,fpullinger1l@ibm.com,TSf2dmsuHv
59,tollerhad1m,estenbridge1m@google.com.br,ssnfH0t
60,ewheildon1n,lbrownhall1n@live.com,NADdveF
61,ltuson1o,ssalvage1o@amazon.co.uk,8QBSqhW6Z24
62,erobillart1p,sfildery1p@msn.com,3AjIlhosY
63,lmclese1q,ayaxley1q@wunderground.com,9wQSFiQWT5p
64,apotkins1r,tbarz1r@hao123.com,gbim4hvMW7Ga
65,nmochar1s,ppowles1s@sohu.com,F4meqQ2iOc
66,mhaug1t,spietsma1t@geocities.jp,48679Kl2NWa
67,wblaxton1u,amollindinia1u@google.com.hk,pkwCyFc
68,mcod1v,afowkes1v@scientificamerican.com,MMUp2R2E780
69,famner1w,khealks1w@yahoo.com,1QoOc0G
70,dyegorshin1x,acastagne1x@multiply.com,FWLTqW8
71,mkollasch1y,odysart1y@twitter.com,8pLZctN
72,bshadrach1z,tgrishelyov1z@indiatimes.com,yYnuEW
73,rmctrustram20,ademann20@domainmarket.com,JZy9y1tfZo
74,dmcentee21,jmilbank21@wikispaces.com,opclLhBp3bqx
75,srangell22,wrandlesome22@vinaora.com,iJOY6fA99Um
76,rdowdam23,svandaalen23@ftc.gov,PtDFn9GfSh
77,jokker24,ttullett24@com.com,ewOfvPhm
78,swilkowski25,eocahsedy25@goo.gl,hbR2DW0
79,ohadkins26,mkahen26@ted.com,gqUpM4RIEhWb
80,lgoodrum27,bwarlow27@vinaora.com,AV4CnoFHoh6M
81,isteddall28,bcorneliussen28@miibeian.gov.cn,WoJv956
82,amcconnell29,phackwell29@sfgate.com,rCDMC2Vhk2
83,cboughton2a,kocurran2a@mac.com,BBHRcg1u
84,weagan2b,jwishart2b@altervista.org,IzqOYN
85,nmcmullen2c,vpetrovic2c@ca.gov,YC6MwLWXExA
86,pmatteoli2d,mbrackstone2d@buzzfeed.com,9ll4hqP4pdl
87,cjolliss2e,klavallie2e@ca.gov,M3f8Spyl
88,sapplebee2f,darmfield2f@bandcamp.com,Ue1Bi0XEvm
89,scritchlow2g,rreeve2g@bravesites.com,zU1h8Jew
90,myewdall2h,cbewly2h@desdev.cn,99Js2nxDC
91,dclougher2i,amaria2i@cnet.com,uijoKP0AB8k
92,mhuddles2j,kannear2j@mapy.cz,mHm42IY
93,pwintour2k,gfruchter2k@multiply.com,K60cmhcRq
94,jzannotelli2l,dkeysall2l@typepad.com,Si7Xq8s
95,eblackmuir2m,ddoxsey2m@tamu.edu,aqseE6J6x
96,crapa2n,bsaurat2n@quantcast.com,AJYon77B
97,trubinfajn2o,dcoleby2o@senate.gov,dpPZTa
98,gkamen2p,jhedgeley2p@fotki.com,rD3yhN
99,shallex2q,iready2q@blogger.com,S0HDuZo
100,gblaxton2r,aredd2r@weebly.com,TFOtNhab
101,ycully2s,mgonnel2s@51.la,wP09naeIgyWR
102,vpantlin2t,cgain2t@infoseek.co.jp,GfnJfFK2mL
103,dwestgate2u,dsholl2u@ycombinator.com,6VCdSZ1
104,imonro2v,speschka2v@comsenz.com,Ek4Auid7K
105,gworviell2w,rdoick2w@ning.com,fYocOXba
106,mcracoe2x,chullock2x@ustream.tv,YtCQfU5aA
107,amcart2y,dprobets2y@51.la,1PwawLJPqe
108,gstudholme2z,mvella2z@etsy.com,SNd9UPOUi
109,aupcraft30,dcopello30@ebay.com,wLZHOioJC
110,bdunkerton31,grust31@pen.io,U0WLntjHQL2L
111,mgilogly32,licke32@pen.io,09W8kLgeN
112,rforster33,kbarrett33@biglobe.ne.jp,ApxlFzLP
113,emacneilly34,pcornilleau34@uol.com.br,4HtcTr
114,serrichi35,mmaxwaile35@mac.com,i4xGss
115,mitzig36,nhenrie36@smugmug.com,udExFzPxxFaz
116,jyakutin37,tabels37@mashable.com,yULKk7
117,rallcock38,bhowel38@goodreads.com,X5rvmO
118,sibotson39,hsarfat39@hugedomains.com,aCBEDP
119,vprosek3a,gtarbet3a@army.mil,pONY4Yiyk
120,ameneghi3b,vmcgiffie3b@so-net.ne.jp,t2EA1IxX67BO
121,mmenelaws3c,imacdougall3c@amazonaws.com,cQNR6VqGOpun
122,jfarrer3d,qbark3d@nih.gov,2kITdwYSxN
123,rallbon3e,vcollihole3e@comcast.net,F2yHKR
124,bgilyott3f,ghaukey3f@ask.com,xzN3ac
125,fmiko3g,lstockau3g@ucsd.edu,0sIrNZ6NjU
126,gtowler3h,odance3h@boston.com,4UwymEt7b
127,mfugere3i,lscougal3i@unblog.fr,2WanZBuECi78
128,lfazackerley3j,fmccardle3j@clickbank.net,Oyo2PO1
129,mnardrup3k,agasker3k@constantcontact.com,rtUWPYdJx2Tl
130,hollerenshaw3l,evandalen3l@apple.com,xmOxexWLE4Wj
131,jcamfield3m,gpritty3m@noaa.gov,XZgmHhCJz
132,ktamburo3n,dgoscomb3n@paypal.com,YxXskFEcq6mG
133,agrubbe3o,mwhodcoat3o@ocn.ne.jp,JE7Xv5X1e0I
134,fcullerne3p,cplayhill3p@cocolog-nifty.com,mlfPLlei28jr
135,rchallenor3q,ebolt3q@cafepress.com,OE4mjkjs5Rh
136,wdymick3r,nalflat3r@businessweek.com,yXpbSrC8eW
137,dsleaford3s,lmelley3s@springer.com,556Ovch
138,gperkins3t,tachrameev3t@issuu.com,T95gNo3uVB
139,cgameson3u,bswate3u@slate.com,iUvkvIA6
140,dburgwyn3v,gargyle3v@gmpg.org,GeTxdKgW8
141,kwimbridge3w,wberge3w@fc2.com,bFvfwbz7a
142,aquinnelly3x,bstuckes3x@go.com,bKJ3F11Zjr5
143,kbrugh3y,bduval3y@linkedin.com,OL13xhOff6k
144,lkeates3z,ffrancescozzi3z@ibm.com,LFp861
145,jgaines40,amuncie40@over-blog.com,RHRlLsjmLE
146,lshackel41,lseville41@cdbaby.com,vYlLF9Myd0e8
147,mmoodie42,korans42@angelfire.com,1bzd1aG7x5
148,lrodolphe43,pcamlin43@youku.com,LvxUGiyPyY
149,aganford44,kolongain44@acquirethisname.com,hP1Rz5NoMq
150,fklessmann45,asherrock45@google.de,lZ9VgJ
151,fhayhurst46,rkeavy46@cnbc.com,eYkFREWK
152,voconcannon47,chubbert47@rakuten.co.jp,SeID5b8
153,ugullane48,egurys48@networksolutions.com,jsom8cUj
154,raspel49,gtonry49@mlb.com,FpX2RVzI
155,lderdes4a,rsillis4a@miitbeian.gov.cn,Fz3WlblA9g
156,mvassbender4b,gberkelay4b@twitter.com,WB5m9nhxP
157,gbrettoner4c,fpeckett4c@disqus.com,wJh6CYtg
158,istandish4d,wfilmer4d@goodreads.com,zO2XpLlvYVJG
159,sdoylend4e,aspeeding4e@artisteer.com,c7fyLuN3Y0c0
160,lgadney4f,jcabbell4f@sogou.com,5g12yw
161,cdrable4g,tjohansen4g@china.com.cn,V2gMDo
162,dstrapp4h,edullard4h@amazonaws.com,pZscpCvU0
163,ndeignan4i,kmagill4i@360.cn,V6JZmo
164,cganniclifft4j,sfairnie4j@sciencedaily.com,bO6iS6RQ
165,ltheriot4k,cbrandes4k@chronoengine.com,k6C447qZ46X1
166,ktinston4l,rbuchan4l@plala.or.jp,bN3Y4RBzMO
167,pinglish4m,tbeynke4m@admin.ch,U2pmayYtLm
168,aslimm4n,akohneke4n@google.nl,X1dAsDz
169,ajannaway4o,dtrustie4o@ow.ly,jcT3xkr
170,bseebert4p,rphilson4p@stanford.edu,Hj4DBvMMf9H
171,bedson4q,eokenden4q@geocities.jp,xXmCLow
172,rgiovanitti4r,dmcgorley4r@usda.gov,eIkQfR
173,opendrill4s,fwhightman4s@infoseek.co.jp,nLOxQW3oUI
174,myakunikov4t,lluetchford4t@google.pl,zvo7pw4u
175,nlamborn4u,rmarfield4u@ovh.net,D6TsFS
176,lwestley4v,ysmallsman4v@upenn.edu,vDb4iqr3Ep
177,eouver4w,eenochsson4w@tumblr.com,Sku3VG1t
178,sgohier4x,bbiskupski4x@about.com,5LIIEn0
179,sbetje4y,aslayny4y@tumblr.com,zukwlCLTx
180,fschelle4z,drois4z@jalbum.net,u3xwFh
181,gmalham50,djorczyk50@foxnews.com,y1rDB7UrBE7
182,pbohling51,dfranklyn51@tiny.cc,5a9KtGl0ict
183,vwevell52,mcromack52@slashdot.org,vmLXdD
184,cdrohun53,bmoorcroft53@princeton.edu,1ful9n
185,sstapley54,sullett54@google.ca,iaGxOL2h
186,pherety55,wcoat55@newsvine.com,tUFA3U
187,abenford56,tbach56@rambler.ru,49ugUkth
188,ndudbridge57,ibosanko57@example.com,KCyVmGr6
189,agoaley58,sbrinsford58@odnoklassniki.ru,MseuKJn4sw
190,kkubyszek59,cjakubovicz59@toplist.cz,x2bj5lQTgF
191,pakett5a,mmelmore5a@last.fm,HCk7JU162
192,phindmore5b,fpetracchi5b@army.mil,3asDq4Rql
193,cdrysdale5c,gpetrushka5c@buzzfeed.com,Tcar9rwiFAc7
194,rfeatherstone5d,gsifleet5d@1und1.de,18Il51pOYfSf
195,pedlyn5e,komolan5e@nytimes.com,9RQCo6P9Dtm
196,mvinton5f,ksantorini5f@phpbb.com,3iVDodTgc
197,kbuttle5g,wchastenet5g@ucoz.com,S9Snt4Xu
198,cclougher5h,gfarnill5h@blinklist.com,EjsmE8qk
199,rgregson5i,fblankman5i@census.gov,Vb0EnD54Bl1H
200,gburgett5j,rkyttor5j@boston.com,aYYSlDa5R
201,corudden5k,jsimmens5k@imdb.com,k81ek4
202,aembery5l,idury5l@altervista.org,V1mNAXjf0e6a
203,ccattini5m,bcattell5m@va.gov,GrqVgUM
204,sjeffray5n,ccestard5n@blogs.com,d2pwJGQMk
205,jmellhuish5o,gwannop5o@mac.com,T2gTSm
206,akrook5p,mofield5p@house.gov,gD59hlrM
207,kfloyde5q,hkonneke5q@time.com,IsMPoNaKx
208,kgobel5r,oby5r@biglobe.ne.jp,3KtCp4Z2ct
209,ajeynes5s,atams5s@apple.com,9QPwn4gxUq
210,fcoburn5t,rbogaert5t@freewebs.com,98nAjVEHm
211,kshelmardine5u,mgeke5u@economist.com,uT7yUq
212,sdivine5v,narsnell5v@com.com,MAg8ih
213,mgraveston5w,ejirsa5w@ucoz.ru,gbCII5
214,rsweynson5x,jfrye5x@jigsy.com,antvLszJPa
215,cepelett5y,gcundict5y@statcounter.com,BbO6zdrj
216,soffer5z,edolley5z@ox.ac.uk,oJpQCki
217,jsweetman60,sgrayshon60@creativecommons.org,CDVx7gUV76D
218,driach61,bbracher61@comsenz.com,hficQ722Aca
219,mcarlson62,cletrange62@answers.com,oJiena17c
220,bsansome63,omuddle63@answers.com,KmwsBfw
221,griddington64,mpanton64@google.ru,2X5q1vov5
222,mgillies65,pavramovitz65@tiny.cc,wyGb2wRJc1
223,mbenzing66,kjewett66@vk.com,cyYPWT95epe
224,vlaughtisse67,gpray67@soup.io,PNzL4UWUZy
225,fcapstack68,zmosedale68@biblegateway.com,c6mQhkLOpl3B
226,idufton69,cthame69@timesonline.co.uk,RFGYoSq0N
227,mtruluck6a,balderwick6a@google.fr,JFc8Uuvy
228,torbine6b,ebolesma6b@4shared.com,1XP8IM
229,blamacraft6c,jerrol6c@mediafire.com,yzzWZj
230,squincey6d,sberwick6d@pcworld.com,6lqStmDl
231,iterne6e,rmeadus6e@dion.ne.jp,sxI4WBeY
232,orichardt6f,mvowels6f@cnet.com,ooPvi5nM
233,rfillgate6g,rtembey6g@google.ca,jErjRoOjjDoc
234,fflewin6h,lminci6h@google.ru,vyhv6HQvg
235,bsandsallan6i,lsyder6i@usatoday.com,qmSpAb
236,rmatijevic6j,lcourtes6j@columbia.edu,OvVPKv
237,fduignan6k,sfinnimore6k@cargocollective.com,li1v74N
238,mfairfoul6l,vbotten6l@prlog.org,NDMmcQa1f7N
239,bfulop6m,lceeley6m@techcrunch.com,jlk4KPl071wL
240,cbaber6n,theaven6n@tinyurl.com,Wo8nxzN
241,zwooddisse6o,vpoyner6o@reference.com,P1RKZ5
242,rdurtnel6p,ncaldaro6p@ca.gov,0Ptt5F3147h
243,mmongan6q,ydietsche6q@amazon.co.uk,KMZL25ELoJo
244,hbicksteth6r,lthatcher6r@sphinn.com,SUGntwBqEC
245,krebbeck6s,hjeyes6s@rediff.com,HQ1n7MCCO
246,bwigglesworth6t,mfagge6t@irs.gov,EoIRmKUogF
247,dodowne6u,kfickling6u@feedburner.com,SX37YzK
248,dwohler6v,acrumbie6v@shop-pro.jp,8vDgtbgmkSO
249,cvasyagin6w,earmfield6w@sfgate.com,0eEQOLj2
250,cingreda6x,cboxer6x@cdc.gov,nOWmfv
251,dpink6y,alubbock6y@wikispaces.com,KtY52r
252,cbolletti6z,halliker6z@tinyurl.com,WQ47dQvpmd9T
253,bsherbrook70,lhospital70@howstuffworks.com,ufShnYm9
254,ahensmans71,clomaz71@imgur.com,XOXWFHWoNIO
255,aclementet72,lplatt72@java.com,EsDlT6ciB
256,rmckeggie73,theaney73@tinyurl.com,uoupVvZG
257,cgerrans74,lstrewthers74@creativecommons.org,nCchnmK80sg
258,cpostles75,schown75@imageshack.us,EBaPZDSUyDdP
259,swhitworth76,tblanckley76@cnn.com,TnEVdA
260,sridgers77,aaireton77@theglobeandmail.com,SxzgBys
261,lsyne78,broggieri78@jimdo.com,WLh7ct
262,jperrygo79,ispriggin79@youtube.com,U3GqDJqh
263,cwhittlesea7a,bmelloi7a@ask.com,CSykkcEXDA
264,fbirdfield7b,wchallener7b@utexas.edu,kwV7iY
265,rrawstorn7c,vblanch7c@illinois.edu,Lci18K
266,bbeyne7d,klivermore7d@mayoclinic.com,CLIbo0o
267,gmuat7e,kmacer7e@acquirethisname.com,ACYiM5BLBA
268,jblinman7f,tdeevey7f@amazonaws.com,cs4cYGmjVr
269,gsabater7g,kpurvey7g@webnode.com,Ywz30sfXBo
270,dfolini7h,lwethers7h@google.de,inGRjSyoRA
271,slemm7i,fbaltzar7i@1688.com,GBibanCZXhDS
272,cjonathon7j,hheineken7j@tmall.com,B0gLUB3Fay
273,pspeere7k,hcubuzzi7k@theglobeandmail.com,xyoHOg37Hyb
274,mmatthis7l,hchristopher7l@wikipedia.org,RPXdUlKWMB9j
275,tmesser7m,mshelbourne7m@cbslocal.com,ppwQMgbJjHO
276,czellick7n,hcoverlyn7n@wiley.com,uzeSSigTkn5z
277,nanwyl7o,lkubek7o@springer.com,OxJCMLfA
278,nambrogini7p,seads7p@bloomberg.com,El4e6F2Fbv
279,mgamlen7q,pleece7q@amazon.co.jp,x62QkwZ
280,wjewiss7r,eduberry7r@about.me,JlvokKi6
281,dsancroft7s,bmurrison7s@msn.com,THTtrws1qsNm
282,ecarnie7t,balfonzo7t@washingtonpost.com,AF6SI4RRBu
283,rrobjant7u,kgaller7u@disqus.com,niiczflMHqp
284,dpaladini7v,btitt7v@jimdo.com,cgYsTVN
285,abergstram7w,bstickler7w@nih.gov,EP6GDxFxv
286,lkaspar7x,pjacobowitz7x@digg.com,gND9R2F
287,irootes7y,gcottingham7y@redcross.org,3rWB4T14R
288,jbrent7z,fsalzberg7z@nydailynews.com,CTNVVTmlY6u
289,rewer80,hgarner80@sohu.com,GX9ZKi
290,cgostridge81,rmcguirk81@weibo.com,ZnEyrvNg27S
291,mholdron82,mflattman82@icio.us,wrYRPcuA1ALX
292,gattlee83,onickell83@usnews.com,RNlZ7Y
293,pkleinlerer84,bosmant84@prnewswire.com,aw5UdWBr9pL
294,pshepstone85,csprules85@shop-pro.jp,N34qiYcHkY8z
295,azealey86,ppark86@mysql.com,hGiiWMWP
296,kspiaggia87,dwyborn87@smugmug.com,p0CfwgoYms
297,ykristof88,ptrotton88@marriott.com,KtMOBajBDI
298,dkinglake89,lmelonby89@yellowbook.com,SacEvJZl4
299,pwatkiss8a,sbenmore8a@thetimes.co.uk,tIOF4Qy2w
300,rlagden8b,vkerr8b@cdbaby.com,zTJFRTXm4c
301,pyeskov8c,bpanther8c@a8.net,jdlEaDBEcE
302,gnicholl8d,bivanin8d@mapquest.com,wixL9kO1n
303,spiens8e,shaskayne8e@pcworld.com,6ZuuSB6u
304,nlestor8f,srizzardini8f@nytimes.com,bbcOLg7xaEn
305,gpettisall8g,mackers8g@ucoz.ru,YX7Ptmk
306,cwoolis8h,adelgardo8h@arizona.edu,r8im62IdO8CE
307,tcuddihy8i,bcroney8i@e-recht24.de,q0KGEA
308,arought8j,fgudd8j@cpanel.net,1hgZZBJ
309,cvautrey8k,dwardingley8k@storify.com,IY4TZRnY
310,kbeatey8l,sleyban8l@sogou.com,jp4naAaKJm3
311,sjaze8m,ifliege8m@patch.com,CT54ksDQuLfy
312,bkeuneke8n,bangier8n@bigcartel.com,1tltu8s
313,kmicklewicz8o,thoff8o@newsvine.com,a2CWqFs
314,fcore8p,blob8p@yandex.ru,Rlo3WKk4
315,druck8q,wantusch8q@stumbleupon.com,L3PWfuJ
316,pchartre8r,ulardnar8r@mapy.cz,VaaORIb3Zg
317,acurgenuer8s,chillen8s@soup.io,lnmCsUdUd
318,whawtrey8t,sricciardiello8t@ifeng.com,hJwZMzip2syJ
319,lream8u,dharmes8u@arstechnica.com,KxVL32
320,ggibberd8v,pshotboulte8v@cnet.com,iee3q1
321,gclery8w,wscotney8w@theguardian.com,ZShuvXk
322,imiddleton8x,asprull8x@instagram.com,jEJWrI53auP
323,tlyte8y,formiston8y@cmu.edu,Rt7FJm
324,gpedron8z,sheamus8z@state.gov,AfdlYM
325,mspringtorp90,mdupre90@cisco.com,3H8WCimZe
326,capplebee91,bwheatley91@disqus.com,N820Q6LEJ
327,epidgley92,ebreeton92@icio.us,pLVO2ucZf
328,aaberdein93,lksandra93@indiegogo.com,6zGBnhBZ
329,hsamter94,eknatt94@typepad.com,HPqGRRTj
330,ldowrey95,gtiebe95@upenn.edu,PN4I8LxFjQgT
331,ytamburo96,bmccay96@google.ru,KPkw08
332,lharbisher97,ecurnucke97@friendfeed.com,cbRi5D
333,fbonnett98,jsheerman98@dyndns.org,WK1iaOSPqb6
334,kshellard99,mkippling99@plala.or.jp,uj5v8iV5HN
335,slovell9a,pavann9a@dion.ne.jp,9R3GTTgMLY
336,pcribbin9b,dmurthwaite9b@wikispaces.com,Jl6ajZS
337,rsimeoli9c,astellman9c@army.mil,HeehEv
338,rmackissack9d,crasper9d@sohu.com,7ZJLgD03NT
339,ejanodet9e,iensor9e@kickstarter.com,gMDFwZx
340,wsesons9f,gbonafacino9f@cdc.gov,fSu8HH
341,dchatband9g,bwitherbed9g@github.io,egyOpgyow
342,dwillatts9h,cmacarthur9h@meetup.com,QQgbtmHsq1zO
343,cbramer9i,bpetyanin9i@aboutads.info,MfvnaKPLRm74
344,bchew9j,psimco9j@house.gov,jd8AXXwuryk
345,kdooher9k,edutteridge9k@ucla.edu,apmX1zO9DGh
346,lrankmore9l,tturneaux9l@slashdot.org,96Y5jM4C
347,ldonegan9m,jdailly9m@utexas.edu,LuXLl1srz0
348,epovall9n,ldenisot9n@mapquest.com,OUHQHmsB0e
349,bshellcross9o,rlapthorne9o@dagondesign.com,YDYcPZLJRP
350,anockells9p,mdenziloe9p@goodreads.com,kVHpFMnSfbw
351,dmazzei9q,mdingate9q@ifeng.com,dEOfMD5jS7
352,aroycroft9r,bdeath9r@wired.com,MIutHO2
353,cmerman9s,rtremontana9s@europa.eu,xYLOdsCY
354,mmoylane9t,jcolt9t@google.pl,NqFTrC
355,umuzzi9u,alivzey9u@wufoo.com,8gfU6OpVe
356,dblankett9v,bdeluze9v@patch.com,sIvDOLTL1QN0
357,wpedden9w,aboutton9w@mail.ru,0G7vFSx
358,mgirk9x,lbandey9x@instagram.com,MrLOXiheMDU
359,fearney9y,cpearton9y@4shared.com,nyXEfjQ
360,lsyder9z,fdunthorn9z@usnews.com,bRZC7OUOV
361,jbirdseya0,ghrishchenkoa0@businesswire.com,U0vvUBD
362,ssteaninga1,aeada1@vimeo.com,woIl84
363,cmacelholma2,adauneya2@springer.com,lNTRjbMvb
364,dkidneya3,phughfa3@e-recht24.de,czSEI3b0l
365,mtrivetta4,mpellamonta4@ocn.ne.jp,SKcriH1z
366,ctillinga5,wmcenerya5@shutterfly.com,kynrZLrNIRKt
367,joffera6,vhallborda6@tamu.edu,EjbN3WupB
368,hdudina7,sdroghana7@unesco.org,iHEIYSqz
369,tgrimsdikea8,qamiablea8@ovh.net,Kk1MQni
370,pkinsellaa9,gstrattana9@weibo.com,5O9Dk8
371,dderricoataa,kheadaa@google.fr,YCMC6ffOJo
372,sgodartab,jskingleyab@google.ru,xB2AYtc2C
373,atempertonac,vwimpeneyac@toplist.cz,mwHpyM5r21aa
374,bgrattanad,etroutad@goodreads.com,QVPEcLb
375,mriggeae,smarousekae@cyberchimps.com,9ZyY5vy9N
376,khalleaf,lmagnaraf@yandex.ru,eNe7rtkaK
377,byousterag,dgrizardag@cyberchimps.com,nGfA2w0tX8
378,ccummineah,gcarayolah@ucsd.edu,ulrlHQh3a
379,qkermottai,hlightai@webs.com,IUmoEps
380,dblumeraj,jblooreaj@shinystat.com,4Vv2DUD
381,akittlessak,nhunterak@mtv.com,Zcsn3Gt
382,kyurchishinal,gcalcraftal@bloomberg.com,bpgnvv6
383,twadleyam,gescalanteam@webmd.com,Ay05PeDTGzt
384,kivanyushinan,bfruinan@upenn.edu,4JvHP3t
385,bsherlawao,elakeao@usatoday.com,V9jg0sCX
386,eaxlebyap,crashleighap@apache.org,07bgh9NI
387,mcockeaq,dgrevattaq@omniture.com,ZefU1IpHRifn
388,pcaitlinar,bangoodar@dot.gov,MAkuOzmCfx2
389,mcheakas,bmoweras@unblog.fr,7paNw9o5U
390,nyurasovat,dlangforthat@list-manage.com,7D2CqMPfd
391,kdeelayau,alingwoodau@boston.com,TOMCZqG
392,asutterbyav,rcharetteav@narod.ru,dkoxLEpO15uA
393,cwrassellaw,jgiabuzziaw@free.fr,AuaK2U0YzO
394,elasslettax,clearieax@nsw.gov.au,KZIF8OK0
395,msainthillay,mmcgarrahanay@fema.gov,jk1dTsPkT
396,lbusekaz,rhumblestoneaz@ucoz.com,4DJSld5U7f
397,jcrapperb0,cbeavenb0@vinaora.com,DbxpPcd5p3
398,lcorcoranb1,mbidgoodb1@yahoo.com,jqzrDZAE
399,sdastb2,cshepherdsonb2@usnews.com,FRrPYort6M
400,agregoreb3,lallomb3@parallels.com,oEWsg7o29Lj
401,nstorckb4,lcragellb4@netlog.com,ufD9u0Z7Oj
402,kstofflerb5,losmonb5@lulu.com,zCZ6Lg
403,ldominguezb6,jperigoeb6@altervista.org,tfk1DCX
404,akeywoodb7,emairsb7@dailymotion.com,pNro3GoHjs
405,msoutenb8,csparshottb8@vk.com,5WM2rYfkbrm
406,fjansenb9,mstovineb9@mashable.com,xu02Nd
407,jcoalesba,cmccarlba@uol.com.br,9ljLaXBq7m0
408,iterranbb,hliversagebb@bbb.org,aqr0fvn
409,mgammillbc,ucockrembc@npr.org,tWX3on
410,lmaccolebd,rwerrilowbd@github.com,WgFPYzgvkh
411,kbuncebe,cspadollinibe@facebook.com,laMo7u4RXEGj
412,fgaltonebf,eslanebf@weibo.com,T2SkUf4
413,hhayerbg,egaynsfordbg@mozilla.org,8XY2vOWD4bZa
414,mdanisbh,apaternosterbh@vimeo.com,LRoOJF6LMR4
415,fpenkebi,sdowningbi@gov.uk,2AivcLXQi6J
416,atreacherbj,nmirfieldbj@live.com,Swf9f6m
417,slaybornbk,hgraalbk@hugedomains.com,Bi6DT9k
418,dcooleybl,tpledgerbl@nationalgeographic.com,hX27fo
419,ggowingbm,pdanserbm@huffingtonpost.com,WczAurwP87x
420,ecrowterbn,vfellowbn@ibm.com,uqkqfFU00Qf
421,cspinagebo,aivanyutinbo@wordpress.com,S1fz8uH9cUw
422,vhenkerbp,ibaskeyfiedbp@uiuc.edu,kFFIrto
423,aivisonbq,sbenninckbq@jugem.jp,VAwxel
424,cescrittbr,dcastonbr@delicious.com,cs14CVZOQU
425,vfishbournbs,blittbs@multiply.com,z1L2NCL
426,rbescobybt,cshortenbt@mediafire.com,5DR6PSQSp
427,jeardleybu,mdugmorebu@icio.us,gvdj4p
428,educketbv,sbrickhambv@so-net.ne.jp,pJbfbYSdArr
429,btrematickbw,jnashbw@nasa.gov,zh9OhSU3G
430,cpattonbx,hbartropbx@state.gov,eMLFXXhCfCJc
431,sdayceby,wmeekingby@ucla.edu,FmUhzjS6
432,tpundybz,blovemanbz@webeden.co.uk,qvV133
433,egooddiec0,cruckmanc0@census.gov,12NQFPIH6
434,jdannc1,gboutellc1@123-reg.co.uk,khlc6F
435,lcanedoc2,rthackerayc2@list-manage.com,FFlwpsMI
436,blindforsc3,mjerischc3@is.gd,fqm4KmboU
437,amatchamc4,cansteyc4@bloomberg.com,T6f8A65SsV
438,ecianellic5,pdacostac5@ebay.co.uk,HeBkTfI
439,dgarmonsc6,gcecchic6@trellian.com,hguxI8Od7ff
440,mcostleyc7,bredwallc7@ucoz.ru,BwhfvO5F
441,chissettc8,cannandc8@utexas.edu,ibg4oPr9
442,cwoodheadc9,lmidnerc9@answers.com,hqYvh8fLTOQu
443,srutherfordca,jkendalca@patch.com,A4xF1BHh
444,sgosswellcb,rewingscb@paginegialle.it,NC1u3Z3fK9Oz
445,rchoakecc,rcoulmancc@nasa.gov,NBj061sTe
446,dengleycd,cshoppeecd@youtu.be,Ch7vx3yDdKcL
447,tstrongce,dokeavenyce@webeden.co.uk,yK8BA4G5FDzI
448,dkassidycf,tredsellcf@ocn.ne.jp,MtgsYK
449,agennerichcg,kspilstedcg@mashable.com,MRUKXhR6u
450,emandrych,mbarochech@latimes.com,4cVL7GjiAyoD
451,enuddsci,halesci@si.edu,2U9h6K02k3U7
452,hshellcrosscj,gpuckrincj@ucoz.ru,L4O18rmq0z3
453,jdondonck,hmccafferyck@t-online.de,a27xgCmHQ
454,bgerckecl,islamakercl@springer.com,bP1Zg0zIK
455,fpoulsumcm,rbehlingcm@myspace.com,zC0nlq4fB
456,msterrickcn,cbladesmithcn@craigslist.org,WfWIkPzBB4
457,mlansleyco,yvasovicco@yale.edu,b37Fq7L
458,lsambiedgecp,igrahamecp@boston.com,LT9slh96q
459,rholdincq,chedinghamcq@sohu.com,gP1IUgkNfGTu
460,jiannocr,bwillimontcr@flavors.me,PqlFnCu
461,dfendtcs,kayllettcs@fastcompany.com,aO6YeGm
462,cbedissct,sjoratct@purevolume.com,nCzMuW9K
463,fjuracu,bludmancu@weibo.com,sQHUBM7
464,agomersalcv,rdelbouxcv@eepurl.com,smg7k2a6M
465,hgawthorpecw,agoodhallcw@ebay.co.uk,MmdJckVtn
466,khakingcx,eshillingtoncx@ox.ac.uk,WOkQnpk
467,fsimonnincy,pkeefecy@altervista.org,utxlsqSA
468,skoppscz,bschafflercz@unicef.org,s2McR9
469,miacoviellod0,sdrinkhalld0@state.gov,tQSzoZAD79F
470,aickd1,bashfoldd1@google.com.hk,FMCr6qIIvu
471,jpoundsfordd2,mpopplestond2@over-blog.com,vA1DoxkC
472,dsaylord3,mresdaled3@sakura.ne.jp,VLLp7HVjZ
473,pstroudd4,rtimbsd4@storify.com,VM8fG8g
474,bebunoluwad5,mgerardeauxd5@msn.com,ql948Ih8Z0N
475,meltuned6,cshadwickd6@mac.com,MzyzENoeJ
476,tbaudd7,rbrild7@livejournal.com,wS7ySC6pq8C
477,copyd8,cphalpd8@yandex.ru,7HO8vNvsPPtk
478,dhonischd9,ctideswelld9@cdbaby.com,vJBZKAYTDnf
479,cmacakda,ehockellda@ow.ly,d9hOwI
480,dofogartydb,fsawnwydb@cnet.com,k6Gr1XosstI
481,rmealhamdc,fbadgerdc@bluehost.com,7okJIERrIf
482,sdevonsdd,fsloyandd@posterous.com,Q6kpoIY
483,aduellde,cvaskovde@apple.com,sTzDkws7aQOs
484,nfairleydf,wstawelldf@census.gov,6xYBHB
485,kroubydg,deckertdg@vimeo.com,3Wu5cOwDsXjH
486,cshubothamdh,bkindledh@mit.edu,w6NmUb673Yfy
487,rvaynedi,ctashdi@huffingtonpost.com,ozCEq7d
488,npriestnerdj,hkienleindj@networkadvertising.org,sZg6qTXKiCxh
489,slillimandk,acheelddk@ox.ac.uk,ucOSiJ5z
490,adunderdaledl,gplanksdl@1und1.de,1LWOAjaAyW
491,llangtrydm,sainleydm@irs.gov,t8xuDKg9
492,zalcottdn,grizzellodn@gov.uk,Aan1uIJ7enz
493,etredinnickdo,swyllcocksdo@fda.gov,Kif3HmE
494,jkeunedp,oabrianidp@topsy.com,PK8COthr
495,ttownshenddq,aburnyatedq@scribd.com,bfYsfBO5zWR
496,gwhetherdr,wchivralldr@icio.us,ZM4E9vd
497,bbeddonds,elabroueds@ft.com,3KykPdJmVEkE
498,avassedt,lfiorentinodt@omniture.com,5XEhNtCkGEz
499,xpetrenkodu,gglasbydu@fastcompany.com,rFFS445
500,lbeavesdv,dcopyndv@go.com,dlp5lD5X
501,hvanleeuwendw,mbillingedw@ihg.com,oTbIFTkaF7nv
502,fheeleydx,clombarddx@latimes.com,uEkn1B7V3P
503,fizzattdy,mbrehaultdy@wisc.edu,w1Qd6oK4
504,vstannahdz,dharburtsondz@un.org,E3Ab05o6
505,abullerse0,kvanaccie0@bing.com,1glyia
506,smarcame1,cferee1@topsy.com,8BtsvYJro
507,cjappe2,nsodore2@360.cn,BvJnzKBZS
508,wferonete3,lhedderlye3@mysql.com,fehs49sEz
509,ohurnee4,lblaisdalee4@people.com.cn,wdvpegVw
510,cbirkbecke5,arattenberiee5@cnbc.com,dOLhfOv
511,tmattholiee6,aaldridgee6@wikia.com,IYgjSTCQWQ
512,rabernethye7,abrabbinse7@utexas.edu,YTYsHowv
513,bduiguide8,thuckabee8@webmd.com,fg9vMRIzzho
514,achominskie9,sgervaisee9@google.cn,jtgSGq8KQbb
515,dattenbrowea,clockhartea@bloomberg.com,P0PJoWret0
516,gtarpeyeb,mveljeseb@aol.com,QzsjevSfgzD
517,gsoppettec,logeaneyec@wikipedia.org,3r7epfMq2
518,dtisuned,rparkened@smh.com.au,m0LaKIKn0aSu
519,jbastimanee,otwiddellee@amazon.com,uQzylMPR6
520,curianef,sskaeef@usda.gov,j4kuFQ
521,vtolwoodeg,ctwelftreeeg@arizona.edu,oplbKPyC
522,dstuddeardeh,sarnfieldeh@youku.com,f7CRGSTzlj
523,cspurei,hhinrichsei@tinyurl.com,KisRqPpTs
524,fdilaweyej,mtrundleej@behance.net,hdD73Q1o
525,tjeramsek,fstychek@github.io,FD8Bg5
526,fgothupel,ebrandinoel@nymag.com,67uu6oFLIMC
527,joveralem,nkaresem@joomla.org,gfOCANgGvxI
528,abeardshallen,mpurringtonen@icq.com,S1QbjDfNr3mK
529,smogeyeo,wodowneeo@mashable.com,OVTFx8wqXW
530,arenneyep,dcurlessep@boston.com,4vNwpVoFtM3I
531,tfeehaneq,dclampetteq@gov.uk,LjHUOTjuxiV
532,hmassener,kgosalvezer@marriott.com,mAE3oQGru
533,fmatkines,rberesforees@mit.edu,BycFgfC0
534,dsissonet,rcruset@over-blog.com,KQKlgoCG
535,ddrooganeu,awaisoneu@amazon.de,gQGqj2
536,tjenneev,rbrayneev@prnewswire.com,523U2jZfn
537,kmartinecew,ndowsonew@globo.com,vTnFbwE3
538,blealeex,jmcquillanex@abc.net.au,bcOKjXJyL
539,etyrerey,jterrellyey@moonfruit.com,LkHBCp6EN
540,lhargeyez,dbeckfordez@cbc.ca,m3BFOq2FIar
541,bmosconef0,dhitscherf0@gravatar.com,WeTe9NVm
542,ahambrightf1,rminchintonf1@theglobeandmail.com,Okm2SraVpWP
543,jlethlayf2,vhookf2@goo.ne.jp,23vlRPjQ
544,vbridewellf3,hcharkef3@mashable.com,IaJFwx
545,gdrewittf4,esteelyf4@icq.com,zF8GMv
546,tdebellf5,lconstantf5@earthlink.net,HgMmiH337Z1
547,mroundsf6,ebottomoref6@netscape.com,uKsxSOP8r6
548,bneelyf7,rmargachf7@pen.io,uq7ey0AceX
549,osimnelf8,fjagielskif8@nymag.com,fjQSd28fjx5
550,fsmallsmanf9,bheardmanf9@networkadvertising.org,h65TqXVqVS
551,mkanefa,bsissefa@senate.gov,8hzNF3
552,jskewsfb,ggregoriofb@godaddy.com,eoLncD1m4G
553,tserjeantfc,omccereryfc@diigo.com,8RPBkKv
554,ddonisifd,mucfd@amazon.de,j1zs4Joz0ctV
555,mfowellsfe,gmealefe@wordpress.com,BKHefQMe8jx
556,nhamlettff,atrevettff@yale.edu,CZQRzzFs
557,elempelfg,glemonfg@linkedin.com,04D5tOdN
558,dbedberryfh,mdegnenfh@irs.gov,D7BGjT1i
559,akindefi,gprovestfi@t.co,6qudaaA
560,jstonesfj,lforshawfj@bigcartel.com,eEd2bwJkrwjf
561,nvogelfk,ikrahlfk@skyrock.com,XZM71E
562,lgowlettfl,lsheadfl@microsoft.com,I7ZxEY
563,brunacresfm,gsimonninfm@biglobe.ne.jp,seki4RvEDAVO
564,kzebedeefn,diversfn@storify.com,h3es64
565,hpolendinefo,rclemanceaufo@live.com,JxrhnDfavC
566,ebrewoodfp,cbeckeyfp@reverbnation.com,oZa5EvGGh0r6
567,gkitchenfq,nmckirtonfq@tmall.com,vJ2BC8FowlGJ
568,cdugmorefr,fdorkensfr@youku.com,kOhpEsm7auD6
569,psabinfs,ebartholinfs@unesco.org,vG8Ky2
570,vorkneyft,emurrockft@purevolume.com,9jLvnpApjhq
571,glauderfu,keamerfu@umich.edu,ihF5xt2o
572,fteressefv,ltinklerfv@barnesandnoble.com,ufxPNvJ
573,lscroobyfw,bchasmoorfw@flavors.me,xlQFVjNfpK
574,gchateaufx,ldancyfx@skyrock.com,RTYNrQW
575,ppanterfy,hbroosefy@cloudflare.com,hP6dYOLxk
576,hlehouxfz,lfrossellfz@wp.com,uPXGVY9gr
577,lscanesg0,tsladerg0@artisteer.com,6avCgV6ypc
578,clondong1,cjorgenseng1@nsw.gov.au,chXfTNCS2F
579,sturbatg2,cmeynellg2@dailymotion.com,N8fB5cf3UM0
580,bdysertg3,jdismoreg3@noaa.gov,3x9Mu1HXkU2B
581,sslaffordg4,cpardeyg4@last.fm,5TG1BT
582,lcokayneg5,ccutchieg5@dmoz.org,2Ef6chxySP9T
583,bdegoixg6,chullsg6@google.ca,py3zcD7z
584,savarneg7,clevesleyg7@noaa.gov,OAS07F
585,jheggg8,kstockneyg8@squidoo.com,STehTG4pzlBA
586,nmarrisong9,rcreasyg9@ustream.tv,gY8bAo
587,icomerfordga,orewcastlega@census.gov,ECFLy4PKwXa
588,acrowcroftgb,azimmermeistergb@vk.com,SsSA8Mr
589,smurrowgc,amcgheegc@sfgate.com,pAar3m
590,jplaidgd,jpepallgd@youku.com,3HW0dLfVuv
591,nmeakge,lmcphelimyge@unblog.fr,quojjUlZ
592,jfitchellgf,dmccrystalgf@live.com,K8WR31jB1a
593,clennoxgg,jtiplinggg@biblegateway.com,kXXD2y1y
594,bvanhesterengh,mkornelgh@illinois.edu,7PEXdKWnZQ
595,gjewettgi,lcornaugi@unesco.org,tMUcOcD9ie
596,cstrankgj,gesselengj@bing.com,XvE0A6GTJwIv
597,kdarbishiregk,bmcnaughtongk@intel.com,MnJkVFkIg
598,cimasongl,btattongl@cbslocal.com,3MLh667w
599,bberfootgm,joswellgm@purevolume.com,06qtml7
600,akolyagingn,dskaifedingerthorpegn@si.edu,O6gwd6u4gV
601,atadgellgo,lticego@vimeo.com,nPAtHyhK9MCc
602,gselburngp,pskeppergp@dropbox.com,NPyVS5
603,joxtobygq,dmcmichaelgq@nature.com,vqzMbiMd2
604,tsenescallgr,velwoodgr@de.vu,B4Zfr2AESsf
605,egotthardgs,jginnigs@nymag.com,Gmkcomqaqu
606,mchappellgt,bellacombegt@yellowbook.com,ZTQ2BpDAsnU
607,mobygu,gdabbsgu@blog.com,JOC5qD
608,siskowiczgv,vgraziergv@abc.net.au,68nOr5Mcv
609,smethamgw,agoodacregw@mit.edu,uFX7AYp
610,tbrizellgx,afranklingx@topsy.com,LHqZ2n
611,bpleasauncegy,mnealgy@networkadvertising.org,XJaNer
612,arolancegz,acocksongz@imgur.com,Yo48KTGfx
613,daynscombeh0,caugerh0@hatena.ne.jp,Q4BmRuo7
614,itawh1,swissonh1@topsy.com,rwRLQGi
615,gcreboeh2,kkupkeh2@soundcloud.com,y2NrbCw3wv
616,hkynetth3,rglentonh3@list-manage.com,14FXuIC1
617,bgettinsh4,cmettsh4@addthis.com,n8vunJ4f
618,vsurmeirh5,ecortezh5@cnet.com,RCkXyTpHlIG
619,lpuntonh6,atapeh6@census.gov,uZrw4vy01M6
620,seassonh7,zkeatchh7@yellowbook.com,aMt81KH91fE7
621,mgilvaryh8,ldewareh8@tumblr.com,IWvDQDQyGwVn
622,kameryh9,ppriscotth9@dion.ne.jp,QjzuOtEfbB
623,cespinalha,aallanha@domainmarket.com,MCQUVV5BayZz
624,clarensonhb,kfrickhb@vkontakte.ru,2JmTZMJ6eFM
625,sstarrshc,cedwinsonhc@a8.net,XIblusNMpm2
626,matkinsonhd,wrupertohd@mapy.cz,kRq3UdR
627,kdunawayhe,ebernardothe@china.com.cn,d6G8F67iV3
628,jhapshf,pjeaveshf@gmpg.org,HxyBEow
629,eclohessyhg,cchristinhg@shareasale.com,mnIk3nBEoR7
630,ybeidebekehh,sjasperhh@issuu.com,WZYKefc
631,rdevonaldhi,jstichallhi@nydailynews.com,JNEjak
632,rneillhj,fwhatehj@odnoklassniki.ru,yaIzyteseq
633,bubsdellhk,cjankshk@cargocollective.com,mnZVOMJOJ
634,mscholeyhl,cyanshinhl@virginia.edu,B5soy1vhj
635,wwinnetthm,sblackhm@creativecommons.org,Ap5U0Fy
636,mchatenethn,laitkenhn@meetup.com,oA56Ikyp
637,broskellyho,awestbrookho@ovh.net,5vldjsQHDiL8
638,ksugarshp,cdurranshp@china.com.cn,e2WKcQDyZ
639,smoulsdallhq,mgadsonhq@google.de,1IR2hVw
640,cpittamhr,kferrehr@scientificamerican.com,mXyoYi586KU
641,smomeryhs,dmattockshs@feedburner.com,Dm3eIW
642,dkeneleysideht,hgehrickeht@va.gov,qx8vxtz
643,dcarstairshu,venglishbyhu@answers.com,EfgCjM8
644,ekohnenhv,sriddleshv@gov.uk,wucoMzG1Bvrd
645,nbridathw,ratkirkhw@chronoengine.com,yKM0rwQSc
646,lvidgenhx,lheadinghamhx@google.ru,wa0R6l
647,dsiaspinskihy,imacbarronhy@prlog.org,H0wFgRpLxz
648,mfairehz,ischulehz@tiny.cc,ObVWLX92s
649,hbowtoni0,mmchardyi0@uiuc.edu,mOSYKiPf7
650,ewherretti1,hpidgleyi1@adobe.com,mLcdBGxwd
651,fdinwoodiei2,mfoulghami2@intel.com,J1bSS9rl6g
652,stunnyi3,pleprevosti3@nsw.gov.au,7BcTNF
653,ncollingsi4,gwoolardi4@devhub.com,UbYAhjw6fQ
654,hpountaini5,lsanchesi5@nbcnews.com,XLmaa8v
655,sdudgeoni6,dgriggsi6@histats.com,WJuF8uz96
656,plazarei7,ajenourei7@apache.org,nqSVqhySUZa
657,ajouhani8,cbeurichi8@eventbrite.com,sDAgaAw1dKJ
658,rtownrowi9,wtozeri9@wikia.com,23u5zHNAB8W
659,tmourgeia,apurnellia@theatlantic.com,Zd2puK
660,cwarrib,chearsumib@blogtalkradio.com,3gq7L9y0L
661,glyalic,lchudleighic@usatoday.com,r1brLEYX
662,hbuckleyid,hlloydsid@amazon.co.uk,wapFMNkl4
663,jhargieie,bcellerie@un.org,82c8qBgl6
664,benrricoif,blusherif@usda.gov,hLhF4LEoyn
665,cbosenworthig,ddinesig@bbb.org,6XzqYY
666,apinchesih,bmckenzieih@wikia.com,eFc2ZLNkb8Yr
667,dpenfoldii,cbickleii@icio.us,TnHVFZni2bg
668,mtalkingtonij,sshipwayij@trellian.com,gu4mQrNnA
669,ilamondik,igotcliffeik@webeden.co.uk,wzBkR2ldj7ay
670,kmcrobbil,sromansil@dailymotion.com,XGel4IWGs5
671,tbrecheim,gscaysbrookim@bloomberg.com,PMbfiUuK7q
672,rbradnickin,cmanifieldin@unblog.fr,8FCcXfq8YV
673,emacanelleyio,ghexhamio@slashdot.org,7z6G2vfTTG7
674,hlehrianip,hverrillsip@furl.net,IgbgdONP1OC
675,rhandoveriq,dbuddleighiq@dell.com,mSnm9q
676,mameyir,dbettridgeir@list-manage.com,qVRdiZ
677,dburstowis,bmelbyis@goodreads.com,1uyUHGnatzt
678,pyounghusbandit,kebertsit@cloudflare.com,NhkGG02p5oy
679,selwilliu,goddieiu@behance.net,V24xuvbKH
680,ssandelandiv,hblasingiv@google.com.hk,crsEo9V
681,nbolzmanniw,aaitkiniw@usnews.com,wsqufdRs
682,cbalderyix,khonischix@si.edu,92YS7WJj
683,cmcquarteriy,ldrennaniy@businessinsider.com,Y87lnK
684,zcroadiz,kprandiniiz@xing.com,diVaPu2l
685,cmabbittj0,llynettj0@washington.edu,ep38VxaE
686,amoorsj1,hspinellaj1@examiner.com,qLR1EXhulNG
687,tbennettj2,btheussj2@photobucket.com,3NKw6E
688,rgummoryj3,dllewellinj3@mediafire.com,US8QAPxfwn
689,kbellerbyj4,dlynasj4@youtube.com,QmqgHaALm
690,kmanifouldj5,brekesj5@acquirethisname.com,J8HmNfLU7V
691,rgravattj6,maymericj6@163.com,Gx9MK1FPoiqY
692,lbarkwayj7,ntoyj7@altervista.org,ErQ6h6i6g
693,tmcclaughlinj8,aolesenj8@youtu.be,TgwJp5KkbZa
694,fwainj9,tdiggonsj9@csmonitor.com,iMoQlp
695,gpalleyja,aorryja@about.com,TPbNZHimXkJ
696,lhellicarjb,fschwerinjb@un.org,tsaSkftr
697,mburnagejc,smunganjc@deliciousdays.com,rWP1MRu
698,jlynnjd,rcarlinojd@liveinternet.ru,ocJNvHW
699,nnornableje,rmanvellje@microsoft.com,tAoDt2
700,gdaughtreyjf,sbonseyjf@shareasale.com,YKMgg8kir4
701,eakisterjg,afishlyjg@businessinsider.com,TWOVvy7lQ
702,zdemejh,bdolbyjh@homestead.com,31ZwjUIrh
703,mciciuraji,molliffji@intel.com,tCBUOJUg2
704,avandervliesjj,hvelezjj@webeden.co.uk,G17Cfa
705,adunckleyjk,zstephensonjk@vinaora.com,TwoMjLUXjg
706,sgirthjl,efearejl@scribd.com,mDqPUXUNr
707,gdoylejm,jgriegerjm@china.com.cn,29SmbxEurE4
708,tmosconejn,vlytlejn@miibeian.gov.cn,cp0pJUYQJuGX
709,jrevanjo,ttantejo@dion.ne.jp,KanMYJGQtJDK
710,mredmainjp,ccochranjp@dot.gov,xmLXcQqIO
711,relgarjq,mshevlinjq@fastcompany.com,oYT6PXRB
712,emunnisjr,wbisetjr@wordpress.com,R7norRXQlfx
713,fpennicardjs,gblacklockjs@xinhuanet.com,LJvtokQJr
714,jscynerjt,hkrikorianjt@aboutads.info,OMNOQZr7QXSn
715,krodliffju,bforrestillju@homestead.com,PYjBwu
716,rbahlsjv,bwoodcraftjv@chicagotribune.com,Lq7DeiDaa
717,kjekeljw,jlangthornejw@abc.net.au,1PB5RrT
718,blytejx,pgidmanjx@yellowbook.com,vIQoJMuGq
719,lrudmanjy,bbosseljy@pen.io,PjiCyAdhiiGF
720,htrymejz,ybrahmsjz@webnode.com,rRJYa2ez2a
721,gsynnotk0,hthwaitek0@topsy.com,RJGaxRGHAVv
722,jscurreyk1,eduddyk1@hexun.com,HiuYqvPBg
723,nzecchinellik2,mcastagnak2@army.mil,UL2XTXaBzq
724,lbanasikk3,jharronk3@bbc.co.uk,nBfp3RM
725,pfruchonk4,htorrk4@sphinn.com,KOMnx1ywHfha
726,epullk5,ldallmank5@fema.gov,fqfaj71t
727,jcollumbellk6,ftetsallk6@vinaora.com,AG2ZfAiZ8yC
728,npardewk7,lyonniek7@bing.com,XFamhml01a0z
729,atimbridgek8,scouserk8@comsenz.com,ysBgbxjwO
730,mfesslerk9,pdenkelk9@miitbeian.gov.cn,9pueexL
731,ssedgwickka,prateka@independent.co.uk,vUNHmMOUN
732,fmathelinkb,cpursehousekb@cdbaby.com,KgdYgZ
733,hrainbirdkc,pparsissonkc@narod.ru,MonqsBdiawn3
734,rrickcordkd,scannamkd@cdc.gov,Of3d6YfABu
735,ngrinnovke,jsnasdellke@spiegel.de,QSSYuFS3BNuD
736,pcleynaertkf,eclowneykf@meetup.com,i2knbg
737,mdruettkg,kpetrollikg@instagram.com,bdRmz7Mkn
738,atwellskh,lmewtonkh@tripod.com,NqmmI1Csw8R
739,rstearnki,mthatcherki@alibaba.com,CdGPn0l48Fl9
740,rhackfordkj,mtedridgekj@salon.com,zhmzzG
741,lchateaukk,mdaileykk@upenn.edu,wedWFJE
742,ifodenkl,srounsivallkl@ca.gov,xbEUmVOESdY
743,cwinterfloodkm,cgentrykm@huffingtonpost.com,rbprsjLZg
744,esteffenskn,owilloughbykn@networksolutions.com,9iHFpreNLT8
745,etwycrossko,sdelasalleko@intel.com,8klDYI6E
746,jcuradokp,gfachekp@usa.gov,Q6UwqgTdzX3
747,ccalwellkq,margerkq@tiny.cc,xXi0V3C
748,emottershawkr,cvanderkruijskr@accuweather.com,k4BzXVHGn
749,coswaldks,kmccoveneyks@unesco.org,ol1Zte
750,akamallkt,vjonkt@angelfire.com,nu9pZP1q
751,zanersenku,jpokerku@addthis.com,r6KAPY
752,follenbuttelkv,jmoodycliffekv@squarespace.com,oCRormuHCip
753,sleggatekw,dkarshkw@livejournal.com,h3GnqAHeSMB
754,awardhawkx,rofogertykx@hao123.com,HBQOVjxPbmc6
755,rjockleky,fbrunnerky@state.tx.us,0YJRT43eYT0t
756,cluptonkz,jsydneykz@unc.edu,DAMPxuY
757,jpellettl0,rswadlinl0@google.cn,4ZeDjd
758,madolthinel1,fsommerlyl1@foxnews.com,QAJfszQDUt
759,lpaddisonl2,glivezeyl2@icq.com,v6fSCyI
760,mdemeyerl3,rmcrael3@netlog.com,8yPUMP
761,dsapsedl4,smouserl4@hc360.com,6iGs4A9E
762,grudel5,wvellal5@about.me,TCqAxUqX
763,dskinnerl6,tcoasel6@slideshare.net,O12S0Fv9m
764,asnaddonl7,kgilliaml7@cafepress.com,4snx0wox
765,msallierl8,crevittl8@ameblo.jp,WZLFTLza5Qj
766,lwoolveridgel9,mjohnl9@eepurl.com,xQ6raAThk
767,tlawfulla,srosela@washington.edu,WGrVEQta
768,gacorslb,tmathwenlb@tripod.com,ekGVzJ
769,mclareylc,araselleslc@latimes.com,Y3jm56DqC6
770,ksagrottld,dmealhamld@blogs.com,HawgLUi
771,sdumbrallle,kgallole@illinois.edu,OpgY5OHRO
772,dbeggilf,wgommerylf@hc360.com,LBYs3r
773,aramellg,lbaniardlg@com.com,eQYjtLQfN
774,bwaldocklh,lkunischlh@histats.com,v77oaNXyX
775,mphilbrickli,bdensumbeli@tinyurl.com,eadiLky
776,sjeppersonlj,dfarrowlj@npr.org,sNYMLDX
777,mpainswicklk,mdrinkhalllk@parallels.com,HE5zlrfs7
778,ballrightll,jtoftsll@opera.com,Q97ZSmq
779,gjanochlm,sblaziclm@dedecms.com,NGJ1545X
780,jmiramsln,sdymentln@last.fm,2yEUTf
781,tsaccolo,ascracelo@tinypic.com,wzdP2Q2ga
782,kwarbyslp,ckelnerlp@linkedin.com,T4nb7wC372EE
783,bjeppelq,ldefrancescolq@sohu.com,76UvDijvz
784,askirvinglr,rlangerlr@biblegateway.com,kFM78TPiGU
785,awoodroughls,ipenvardenls@unicef.org,aMvPoXh
786,pfillgatelt,elorenzettilt@examiner.com,ZgZ3UQnl1
787,afulstowlu,brosendahllu@marketwatch.com,nohvune
788,tpulestonlv,abiggadykelv@technorati.com,Edp6uJv3
789,eallcottlw,gsedgmondlw@mtv.com,huwXERcNOblR
790,jlongfootlx,phollingtonlx@e-recht24.de,X7P34l
791,dmalzardly,maxbyly@indiegogo.com,zIeDM6Vgu1
792,ksignoretlz,gcorradinolz@google.com,NVfHvpZNE75x
793,wdunkleem0,bbeaconsallm0@sina.com.cn,3bhGOb
794,mgreym1,lkingsleym1@hugedomains.com,kluF1Vbq
795,eleechmanm2,hassonm2@sourceforge.net,2t7UyyFH3
796,mkennairdm3,pterramm3@blogtalkradio.com,N2q9Xl
797,emalitrottm4,prichtenm4@cnbc.com,ipTRKcACSAkO
798,mquilkinm5,rcooringtonm5@dell.com,p7XZksUdkZH
799,ctolcharm6,jmanifieldm6@goodreads.com,pnmgzp
800,ssnapm7,eervinem7@blogger.com,hCgXjfiWnE
801,bcattermolem8,laronowiczm8@yolasite.com,XPrJdYdtJ
802,mgreensteadm9,rwhitneym9@cdc.gov,9Pb5mjjMf
803,nbehnma,agowngema@omniture.com,KNL9h3Ge1gGG
804,fmatthewsonmb,fdufourmb@4shared.com,WbryegwHdL
805,cvockinsmc,ahegartymc@state.gov,B8lsrGRdK
806,mcatherymd,skilkennymd@yahoo.co.jp,TuZOYSUez
807,cgerardeauxme,sbarwickme@geocities.com,4Kc3BR1y
808,mrohanmf,lnelesmf@dot.gov,pIC4VhtGZ
809,epurkinsmg,bguidettimg@jugem.jp,ppgkd8FeIdx
810,jmatthausmh,pstreetenmh@cocolog-nifty.com,s6YDhu9P
811,orelphmi,ckenfordmi@a8.net,XTI2mRUW7y
812,iwacemj,bhambricmj@dyndns.org,y8u18qay
813,nfrostmk,slefrankmk@biglobe.ne.jp,qQhphz
814,nlicariml,wrupkeml@msu.edu,TmprrB4gU9
815,obamptonmm,ipottiemm@e-recht24.de,h94rW1PU
816,lvasilikmn,kbemandmn@marriott.com,DeX59jNerw62
817,lyashuninmo,bshippammo@gmpg.org,liwpjB
818,fhelismp,zdorotmp@bluehost.com,dqpd0yO
819,lvicentmq,bwickwarmq@yellowpages.com,j1oxgM
820,nruppertzmr,driepelmr@wp.com,JElDx2
821,jcappineerms,lrushms@uol.com.br,MDEL19W
822,lmontrosemt,kcrusemt@timesonline.co.uk,Gv9uVJ
823,gfennermu,ashonemu@dagondesign.com,wjAck69TmU4N
824,jseamv,aghidottimv@google.ru,uA1DSm
825,rmarnanemw,canersenmw@toplist.cz,V1CfCvdJVnbO
826,barmalmx,tgyvermx@earthlink.net,pzkS0s
827,dpickupmy,sgarnmy@time.com,GjlA2jc2bFd
828,fpurlemz,ilebandmz@hhs.gov,dmsDSN2
829,edoen0,ipattisonn0@disqus.com,5R0JL5H
830,lflattmann1,meagern1@ca.gov,dWT98WY
831,mivanitsan2,bwrightemn2@usa.gov,hMG9BEcO
832,ncripsn3,tgirathsn3@msn.com,LDghmD9b
833,rgrelikn4,rwillimotn4@bloglovin.com,2co6RbjMD
834,mwilkowskin5,ctwidelln5@deliciousdays.com,xZLfrbnL
835,dstrawn6,gfelgaten6@shinystat.com,bBxdas9
836,rfancourtn7,irockn7@flavors.me,iTqpMX57E7
837,schristophersenn8,qcrocettin8@discuz.net,wA6M4XJTU6g
838,rgrelakn9,bbessn9@reverbnation.com,qHjP2YJ6I3K5
839,vwoodberryna,tbrambleyna@blogtalkradio.com,92nQZnut7w
840,wjaumetnb,rgavriellinb@si.edu,lV7jQDcmYnU
841,lthorntonnc,sduddannc@ed.gov,NuVEVFebh
842,rdrainnd,fpretoriusnd@photobucket.com,4WOcooAt28
843,nmchargne,vshavene@github.io,MtQSmyNelm
844,dmangernf,ltuxillnf@rediff.com,7qErGb42pS
845,dmottenng,edong@icq.com,UjASQlMGt
846,jtopleynh,ifostersmithnh@squarespace.com,Mr2fDBB
847,tlanbertonini,dferrierni@feedburner.com,onfPjsr
848,hstainesnj,alosebienj@addthis.com,BcHggIpWHQRP
849,cmaffettink,bamynk@nps.gov,k1ABa05y
850,srochnl,fhazeldenenl@people.com.cn,mMZt1tK6rSbz
851,epestornm,wbackshellnm@google.pl,lhJmS1
852,gcartmernn,vleopardnn@vistaprint.com,9sNrgTxqn0wQ
853,hbendikno,ssonleyno@infoseek.co.jp,GORyZVuZ4eRn
854,shurnnp,kbenoitnp@hc360.com,7nE49XT
855,jescreetnq,hchancenq@soundcloud.com,Q1YzRL0n
856,cdablinnr,koldnr@slashdot.org,CNhxDdx4b5x
857,lhulmens,jlandreanns@cnet.com,YkIZ85RhhH0
858,memmanuelent,rboleynnt@quantcast.com,m1K1SDySAS
859,cfinannu,rroddienu@vistaprint.com,lETDZvOLRu2D
860,jdecarolinv,njevesnv@smh.com.au,ue25AMJ
861,rhawknw,dfeareynw@cnn.com,oEv4Xoj1
862,cmcentagartnx,ehayhurstnx@umn.edu,sgerZ8q
863,ccorneliusny,rrustidgeny@hud.gov,Q0K0Ajeb1Q
864,mmosconz,fleaknz@w3.org,a3jphYh
865,msirrello0,kdyteo0@odnoklassniki.ru,nZdku8BBQGXu
866,mreddelo1,msmittouneo1@google.co.uk,d1MfeV
867,kmidsono2,ephateplaceo2@purevolume.com,TFjDLzgvq
868,srennenbacho3,jwillertono3@pbs.org,MzeeDXoRR
869,mphiloto4,tshervingtono4@meetup.com,kAoW19GpfT2V
870,nnaldero5,jbidmeado5@admin.ch,ta7YKfhx2C7
871,singlefieldo6,bscoffinso6@discuz.net,WvieLXZjbs
872,gbehaggo7,lforrestero7@examiner.com,j8qo2Z9uHLX
873,mottero8,cspurro8@google.ru,ELngJC
874,mcaseleyo9,rlernihano9@pagesperso-orange.fr,k15SOAq
875,mberendsoa,ejedrasoa@ovh.net,KKNn6rGu
876,erushmereob,acelleob@chicagotribune.com,qV8QqQ
877,aburnessoc,salevequeoc@harvard.edu,vD81sG
878,ahellikerod,hadamoviczod@merriam-webster.com,JYG4if5
879,tjeffersonoe,ogorhardtoe@etsy.com,Ty0jLFpN
880,rcutsforthof,aguirardinof@businessweek.com,Hq9dcvxyjV
881,wbromheadog,amcharryog@prnewswire.com,GNv31kjob
882,mostleroh,jganteroh@chron.com,EQS7CyUbr
883,aellgoodoi,vfranzenoi@upenn.edu,02YDOzUiK
884,riacovuzzioj,npettegreoj@oracle.com,4tBavJdm7X
885,cfiorentinook,vmoncrieffeok@microsoft.com,pP3w3CbCD9
886,kmaypoleol,wsummersol@state.tx.us,NNij1sy
887,mlenaghenom,dokeeffeom@chronoengine.com,wUcwim
888,gholyardon,rcoldicotton@ocn.ne.jp,LQfVf3oUw
889,anylandoo,dpardioo@aboutads.info,xNkELNaukB47
890,yransteadop,stunnadineop@smugmug.com,Px9h4eV3f1LW
891,rweildoq,ccomizzolioq@amazonaws.com,r4svZJ9mo20
892,tcoughlanor,oyuryichevor@fastcompany.com,8XhMvPqERQ
893,jbenleyos,rcaltonos@squidoo.com,IrKtfP7pBv
894,kmerrillot,rlittleot@wikia.com,gCoTfjYWVSt
895,rpalmarou,hcultchethou@goodreads.com,GcDiPYyOi1bZ
896,ilovatov,mmaudov@indiatimes.com,LFRlh02W
897,pmclearyow,htyghtow@mapquest.com,fAiPdmZr
898,dsleathox,mpinockox@cargocollective.com,rghHsAQL
899,fschruursoy,pperrisoy@123-reg.co.uk,eRVAxOuPeW
900,bstantonoz,mgilffillandoz@rambler.ru,4RdBtD
901,gverryp0,frametp0@businessweek.com,9hzD5zHF
902,djorckp1,aputleyp1@earthlink.net,JU87iqGM
903,bdearnessp2,kshepherdsonp2@hc360.com,ZXmf9jeWZ
904,tnasseyp3,wriddeoughp3@oaic.gov.au,IkG4ZWAAg
905,esorep4,lbythwayp4@pen.io,JlPk13nuOiIb
906,lsticklerp5,pjoinerp5@youtube.com,daBQwv2Zxm3
907,kcroutearp6,gtillsp6@ed.gov,BSSkWn
908,ccorpsp7,lharsnepp7@mit.edu,nq3J0j
909,sallsoppp8,hchartep8@1und1.de,fX7SA1bjY9B
910,nmauricep9,medmedp9@jigsy.com,P1RenVOpj
911,mrobbekepa,tbranfordpa@sbwire.com,tdvbWK
912,voscanlonpb,mdoigepb@sun.com,fPxBoeZwT4k
913,kinglestonpc,rpridgeonpc@istockphoto.com,lNxqYYvK
914,mpilipetspd,ssonghurstpd@histats.com,kHGqzgEH
915,asevernpe,sgenterype@tripod.com,R1aXFi
916,ccaplispf,lwylliepf@auda.org.au,gJe5Ja
917,mflitcroftpg,bmelchiorpg@soundcloud.com,UIuTV2CGtMs
918,buttingph,dphillcockph@bravesites.com,ikKKqSv0HN
919,lheadingtonpi,wbossinghampi@europa.eu,mg3lEGb
920,sbossinghampj,kczaplapj@angelfire.com,LAbbIukpY
921,nhubnerpk,swarderpk@huffingtonpost.com,JJHS0TQOLzp
922,ddougalpl,lbroodpl@patch.com,TQWwFH
923,aullrichpm,iyeamanpm@tamu.edu,hfsaeGUNil
924,rlottpn,gdyerspn@xinhuanet.com,m3hZfKDnYt
925,ddillowaypo,zbyepo@symantec.com,JQxbE6
926,fbroadwaypp,abartlomiejczykpp@sciencedirect.com,JzxDFSiNqi
927,slazellpq,rsinghpq@is.gd,DmgrAgoY
928,pradcliffepr,gjakovpr@bloomberg.com,I49XjCV
929,dflaniganps,skerrps@icq.com,W6T5Ox
930,auebelpt,mwhitehornpt@independent.co.uk,KM8bvpRn
931,cwaypu,aarnlipu@tinyurl.com,VEEqM0UE
932,emiltonwhitepv,imargettspv@vimeo.com,av7tgipV
933,sbarabischpw,lwenderothpw@meetup.com,Yq1RcuF
934,osiseypx,yashplantpx@so-net.ne.jp,kKU5u2ar
935,gcottispy,lglasermanpy@aboutads.info,JmUltezI6v
936,cridleypz,rdorgonpz@pinterest.com,YOHswQ
937,bglasscottq0,bgiveenq0@amazon.co.jp,RjMrZa6
938,sroundq1,dvaniniq1@jugem.jp,bEyPTl
939,ovidelerq2,cguinanq2@bing.com,mdkHgcfdhDz0
940,mshawq3,bmogieq3@auda.org.au,pYHOXhWNPd
941,dcardusq4,msealsq4@cyberchimps.com,MytFdUgbp7Z
942,npfeiferq5,floramq5@si.edu,slzXeeH8J5vp
943,jewanq6,estatefieldq6@sitemeter.com,LOYto2400ks
944,adreweryq7,gradishq7@artisteer.com,XsB9GNai
945,clehonq8,rcockshotq8@wordpress.com,5yoBJOt
946,pscarseq9,ovitlerq9@psu.edu,szvwVewJn
947,rbrimilcomeqa,holivieqa@usda.gov,NuAYf2riuf
948,gwardlawqb,ewizqb@wikia.com,1IJJeVsx
949,dblanchetteqc,vadaminiqc@slate.com,Bi2eTAp1j
950,csaillqd,dizaksqd@hp.com,Xleexp
951,wbirkwoodqe,mdubockqe@wp.com,ywhPRH09ix
952,eimminsqf,scraxfordqf@godaddy.com,aUH5fKqG
953,mcrillyqg,rivchenkoqg@merriam-webster.com,eecHNyFiKRLk
954,ccahillqh,nsouthwardqh@fc2.com,7VC6Ug
955,ibittanyqi,sclimarqi@tumblr.com,j1TbtrtA0P
956,ccapelowqj,ndavisonqj@cafepress.com,oOKno1l014
957,sbroadhurstqk,ngergusqk@soup.io,AMCKDxpUE
958,mcoultql,bbarratql@tiny.cc,GAI05WUmTweV
959,cplluqm,htrevesqm@lycos.com,pttKHH
960,pottoqn,tlodingqn@state.gov,pYVeIYkbalJ
961,vkeepenceqo,bswarbrickqo@reverbnation.com,MnhTypgzYtJK
962,mdelortqp,rcherrettqp@123-reg.co.uk,2gObRY
963,cswangerqq,dlardeuxqq@buzzfeed.com,WqszBGFjtT
964,mmoroqr,fhasseklqr@posterous.com,FUFP0ZmD
965,jbloschkeqs,isoulsbyqs@google.co.uk,yutNTdn10yp
966,hrodgersqt,cmattielliqt@addtoany.com,zovXD1N
967,kwaterdrinkerqu,iheritegequ@dell.com,1G26q1DEdcI
968,ebentjensqv,mthyerqv@dion.ne.jp,MMkTRlvX
969,aoloshinqw,isheftonqw@miibeian.gov.cn,sGsXZCIii
970,dbirkmyrqx,bpinkettqx@tamu.edu,LuTHHt
971,gselbyqy,oduleyqy@furl.net,zG8ElrmGm8t
972,jedinboroughqz,gtelezhkinqz@wikispaces.com,yuOowA8DfY
973,mpetranekr0,mrobusr0@uiuc.edu,sFxEdLwh1JI
974,sstarter1,lglassardr1@nydailynews.com,ETGzef
975,jmattisssenr2,tlezemorer2@apple.com,zABjQoFEJ
976,elasslettr3,sbromer3@facebook.com,iFN5uEN
977,tbodler4,tlambertciorwynr4@barnesandnoble.com,QdsfgS5
978,mcourceyr5,zlemmersr5@pinterest.com,LgIT1jP
979,pscutcheonr6,dtremonter6@sfgate.com,0c8ljt9ESvsP
980,wegiloffr7,hizaksr7@merriam-webster.com,TKmj8O9
981,otwycrossr8,hgotfreyr8@theguardian.com,iTRttDDRt8qK
982,kspoursr9,cwincottr9@istockphoto.com,dkhztbKbfjwf
983,mgemlbettra,kpulsterra@fda.gov,BtNsD7
984,lpuigrb,ahylandsrb@barnesandnoble.com,wrK7G9bO
985,emaymandrc,kashburnerrc@princeton.edu,gVB9HEbQ
986,tcorkanrd,gbeedellrd@mlb.com,uQ2IAXf4P
987,kabaroughre,gmyerscoughre@ebay.com,UJ5YORQD
988,bscoffinsrf,cmasseyrf@wiley.com,kXeHjp
989,eosoriorg,smartinezrg@moonfruit.com,LoEjqiug4x
990,isynerh,fschefflerrh@forbes.com,2NTyXTd
991,rsandhillri,rederi@baidu.com,KujBdDcSN0n
992,osmoutrj,lgyerj@myspace.com,ZODEEMVE
993,hdemangelrk,iwilletsrk@smugmug.com,Mc8QuV
994,rstanboroughrl,aizhakrl@ning.com,4SabjM3l18E
995,dteulierrm,xsabertonrm@webmd.com,JcPzxlT1kQ5d
996,iofiellyrn,choffnerrn@un.org,1xEvZ3ayiQAM
997,jkullro,emacgowanro@yellowpages.com,aO6IjS7hfD
998,yweavillrp,lcottonrp@geocities.jp,fXezUVE
999,bclitheroerq,bgandeyrq@ow.ly,HlbHOX5
1000,wbarbrookrr,asinfieldrr@ebay.com,M1IG7QbJXbT
